{"students": [{"id":1,"first_name":"Upton","last_name":"Crumley","email":"ucrumley0@cnn.com","student_ID":"student149753"},
{"id":2,"first_name":"Brian","last_name":"Jellis","email":"bjellis1@paypal.com","student_ID":"student401524"},
{"id":3,"first_name":"Rouvin","last_name":"Burel","email":"rburel2@upenn.edu","student_ID":"student027205"},
{"id":4,"first_name":"Donavon","last_name":"Willavoys","email":"dwillavoys3@wired.com","student_ID":"student820828"},
{"id":5,"first_name":"Yetta","last_name":"Andersson","email":"yandersson4@bravesites.com","student_ID":"student250395"},
{"id":6,"first_name":"Valerie","last_name":"Strudwick","email":"vstrudwick5@networkadvertising.org","student_ID":"student591446"},
{"id":7,"first_name":"Dennison","last_name":"Kennally","email":"dkennally6@pcworld.com","student_ID":"student130092"},
{"id":8,"first_name":"Marketa","last_name":"Will","email":"mwill7@abc.net.au","student_ID":"student859544"},
{"id":9,"first_name":"Jan","last_name":"Peacey","email":"jpeacey8@weebly.com","student_ID":"student201854"},
{"id":10,"first_name":"Wallace","last_name":"McKevitt","email":"wmckevitt9@time.com","student_ID":"student238722"}]}

